,FSA,bedrooms,post_published_date,average_price
0,M1B,2.0,2020-10-14,1834.0
1,M1B,1.0,2020-10-19,1200.0
2,M1B,1.0,2020-10-23,1750.0
3,M1B,1.0,2020-10-27,1700.0
4,M1B,2.0,2020-10-28,1695.0
5,M1C,2.0,2020-10-22,1675.0
6,M1E,2.0,2020-09-23,1580.0
7,M1E,2.0,2020-10-03,1979.0
8,M1E,1.0,2020-10-13,750.0
9,M1E,2.0,2020-10-14,1500.0
10,M1E,2.0,2020-10-15,1980.0
11,M1E,1.0,2020-10-19,1675.0
12,M1E,2.0,2020-10-19,2000.0
13,M1E,2.0,2020-10-26,1600.0
14,M1E,2.0,2020-10-27,2300.0
15,M1G,1.0,2020-10-19,1350.0
16,M1G,2.0,2020-10-19,1700.0
17,M1G,2.0,2020-10-26,2300.0
18,M1H,1.0,2020-10-11,1400.0
19,M1H,1.0,2020-10-20,1850.0
20,M1H,2.0,2020-10-25,1900.0
21,M1H,2.0,2020-10-26,3095.0
22,M1J,1.0,2020-10-05,1850.0
23,M1J,2.0,2020-10-11,1855.0
24,M1J,2.0,2020-10-25,2200.0
25,M1J,1.0,2020-10-27,1850.0
26,M1J,1.0,2020-10-28,1850.0
27,M1K,2.0,2020-10-22,2200.0
28,M1K,2.0,2020-10-24,1750.0
29,M1K,2.0,2020-10-27,1795.0
30,M1L,1.0,2020-09-29,1650.0
31,M1L,1.0,2020-10-05,1500.0
32,M1L,2.0,2020-10-13,2200.0
33,M1L,1.0,2020-10-26,1100.0
34,M1M,2.0,2020-10-20,1600.0
35,M1M,1.0,2020-10-26,1000.0
36,M1N,1.0,2020-10-05,4250.0
37,M1N,1.0,2020-10-16,1300.0
38,M1N,2.0,2020-10-19,1500.0
39,M1N,1.0,2020-10-27,950.0
40,M1P,1.0,2020-10-13,1749.0
41,M1P,1.0,2020-10-15,1850.0
42,M1P,1.0,2020-10-18,1700.0
43,M1P,1.0,2020-10-21,895.0
44,M1P,1.0,2020-10-27,950.0
45,M1P,1.0,2020-10-28,712.0
46,M1S,1.0,2020-10-13,2795.0
47,M1S,2.0,2020-10-14,1500.0
48,M1S,2.0,2020-10-22,2400.0
49,M1S,2.0,2020-10-28,1800.0
50,M1T,2.0,2020-09-25,1575.0
51,M1T,1.0,2020-10-20,1950.0
52,M1V,2.0,2020-10-19,2250.0
53,M1W,1.0,2020-10-18,1395.0
54,M1X,1.0,2020-10-15,1600.0
55,M1X,2.0,2020-10-21,1500.0
56,M1X,1.0,2020-10-27,1300.0
57,M2J,2.0,2020-10-14,2300.0
58,M2J,1.0,2020-10-16,1950.0
59,M2J,1.0,2020-10-19,2150.0
60,M2J,2.0,2020-10-20,2300.0
61,M2J,1.0,2020-10-21,2700.0
62,M2J,2.0,2020-10-21,2250.0
63,M2J,2.0,2020-10-22,2325.0
64,M2J,1.0,2020-10-23,1950.0
65,M2J,2.0,2020-10-24,2800.0
66,M2J,2.0,2020-10-25,2000.0
67,M2J,2.0,2020-10-27,2150.0
68,M2K,2.0,2020-10-13,2300.0
69,M2K,1.0,2020-10-20,1800.0
70,M2K,2.0,2020-10-20,1750.0
71,M2K,2.0,2020-10-22,2260.0
72,M2K,1.0,2020-10-24,2250.0
73,M2K,1.0,2020-10-28,2200.0
74,M2K,2.0,2020-10-28,2450.0
75,M2L,2.0,2020-10-27,2155.0
76,M2M,1.0,2020-09-25,1695.0
77,M2M,2.0,2020-09-25,2950.0
78,M2M,2.0,2020-10-03,2500.0
79,M2M,1.0,2020-10-20,1800.0
80,M2M,2.0,2020-10-21,2500.0
81,M2M,2.0,2020-10-22,2200.0
82,M2M,1.0,2020-10-23,1360.0
83,M2M,2.0,2020-10-26,2200.0
84,M2M,2.0,2020-10-27,2200.0
85,M2N,2.0,2020-09-22,2700.0
86,M2N,2.0,2020-09-23,3200.0
87,M2N,1.0,2020-10-02,880.0
88,M2N,1.0,2020-10-04,1895.0
89,M2N,1.0,2020-10-05,1392.5
90,M2N,2.0,2020-10-05,2475.0
91,M2N,1.0,2020-10-06,1995.0
92,M2N,2.0,2020-10-06,2770.0
93,M2N,1.0,2020-10-14,1750.0
94,M2N,1.0,2020-10-15,1940.0
95,M2N,2.0,2020-10-15,2250.0
96,M2N,1.0,2020-10-16,1700.0
97,M2N,1.0,2020-10-20,1812.5
98,M2N,2.0,2020-10-20,1250.0
99,M2N,1.0,2020-10-21,2316.6666666666665
100,M2N,2.0,2020-10-21,3050.0
101,M2N,2.0,2020-10-22,2350.0
102,M2N,1.0,2020-10-23,1975.0
103,M2N,2.0,2020-10-23,2400.0
104,M2N,1.0,2020-10-24,2000.0
105,M2N,2.0,2020-10-24,2700.0
106,M2N,1.0,2020-10-26,1808.3333333333333
107,M2N,2.0,2020-10-26,2115.0
108,M2N,1.0,2020-10-27,2033.3333333333333
109,M2N,1.0,2020-10-28,1333.6666666666667
110,M2N,2.0,2020-10-28,2240.0
111,M2R,1.0,2020-10-21,2050.0
112,M2R,1.0,2020-10-23,1275.0
113,M2R,1.0,2020-10-26,1050.0
114,M3A,1.0,2020-10-19,1595.0
115,M3A,2.0,2020-10-19,1950.0
116,M3A,2.0,2020-10-20,1941.6666666666667
117,M3A,2.0,2020-10-23,2150.0
118,M3B,1.0,2020-10-17,1390.0
119,M3B,1.0,2020-10-19,1700.0
120,M3C,2.0,2020-10-14,2250.0
121,M3C,1.0,2020-10-22,1950.0
122,M3C,1.0,2020-10-23,1700.0
123,M3C,1.0,2020-10-28,599.0
124,M3H,1.0,2020-10-02,1350.0
125,M3H,1.0,2020-10-14,1895.0
126,M3H,1.0,2020-10-15,1895.0
127,M3H,2.0,2020-10-15,1895.0
128,M3H,1.0,2020-10-19,1672.5
129,M3H,1.0,2020-10-22,1750.0
130,M3H,1.0,2020-10-23,1622.5
131,M3H,2.0,2020-10-23,2150.0
132,M3H,1.0,2020-10-25,1500.0
133,M3H,1.0,2020-10-26,1050.0
134,M3H,1.0,2020-10-27,1745.0
135,M3H,1.0,2020-10-28,1695.0
136,M3J,2.0,2020-10-09,2195.0
137,M3J,1.0,2020-10-21,1400.0
138,M3J,1.0,2020-10-28,968.0
139,M3K,2.0,2020-10-18,1595.0
140,M3K,1.0,2020-10-22,1566.6666666666667
141,M3L,1.0,2020-09-30,1375.0
142,M3L,1.0,2020-10-01,1392.5
143,M3L,1.0,2020-10-02,1390.0
144,M3M,1.0,2020-10-20,1400.0
145,M3N,2.0,2020-10-28,2300.0
146,M4A,2.0,2020-10-27,2200.0
147,M4B,2.0,2020-10-06,1500.0
148,M4C,2.0,2020-09-21,2150.0
149,M4C,2.0,2020-10-05,1950.0
150,M4C,2.0,2020-10-07,1900.0
151,M4C,1.0,2020-10-14,1750.0
152,M4C,2.0,2020-10-14,2100.0
153,M4C,2.0,2020-10-18,1695.0
154,M4C,2.0,2020-10-19,1795.0
155,M4C,2.0,2020-10-22,1795.0
156,M4C,1.0,2020-10-24,1395.0
157,M4C,2.0,2020-10-24,2000.0
158,M4C,1.0,2020-10-28,1675.0
159,M4C,2.0,2020-10-28,2250.0
160,M4E,1.0,2020-09-22,1650.0
161,M4E,1.0,2020-09-29,2495.0
162,M4E,1.0,2020-10-07,1775.0
163,M4E,2.0,2020-10-13,2995.0
164,M4E,1.0,2020-10-16,1995.0
165,M4E,2.0,2020-10-23,1995.0
166,M4E,1.0,2020-10-27,1795.0
167,M4E,2.0,2020-10-27,1200.0
168,M4E,2.0,2020-10-28,1200.0
169,M4G,1.0,2020-10-24,1725.0
170,M4G,1.0,2020-10-25,1990.0
171,M4H,1.0,2020-10-21,1.0
172,M4J,1.0,2020-10-05,1295.0
173,M4J,2.0,2020-10-13,2500.0
174,M4J,2.0,2020-10-14,1872.5
175,M4J,2.0,2020-10-19,2995.0
176,M4J,1.0,2020-10-20,1600.0
177,M4J,2.0,2020-10-20,2360.0
178,M4J,1.0,2020-10-22,1625.0
179,M4J,2.0,2020-10-26,2680.0
180,M4J,1.0,2020-10-27,1150.0
181,M4K,1.0,2020-10-09,1750.0
182,M4K,1.0,2020-10-13,1500.0
183,M4K,2.0,2020-10-13,2675.0
184,M4K,2.0,2020-10-14,2995.0
185,M4K,1.0,2020-10-15,1812.5
186,M4K,1.0,2020-10-16,1500.0
187,M4K,2.0,2020-10-16,1795.0
188,M4K,1.0,2020-10-19,966.0
189,M4K,2.0,2020-10-20,2700.0
190,M4K,1.0,2020-10-21,1357.5
191,M4K,2.0,2020-10-21,1250.0
192,M4K,1.0,2020-10-22,1695.0
193,M4K,2.0,2020-10-22,1985.0
194,M4K,1.0,2020-10-23,1750.0
195,M4K,1.0,2020-10-26,1487.5
196,M4K,1.0,2020-10-27,1225.0
197,M4L,2.0,2020-09-25,1595.0
198,M4L,1.0,2020-10-03,1695.0
199,M4L,2.0,2020-10-05,1595.0
200,M4L,1.0,2020-10-07,1673.3333333333333
201,M4L,2.0,2020-10-07,2350.0
202,M4L,1.0,2020-10-09,1400.0
203,M4L,1.0,2020-10-14,950.0
204,M4L,2.0,2020-10-14,3850.0
205,M4L,1.0,2020-10-20,1500.0
206,M4L,1.0,2020-10-21,900.0
207,M4L,2.0,2020-10-21,2745.0
208,M4L,1.0,2020-10-22,1950.0
209,M4L,1.0,2020-10-23,1700.0
210,M4L,1.0,2020-10-24,1100.0
211,M4L,1.0,2020-10-26,1775.0
212,M4L,2.0,2020-10-26,2500.0
213,M4M,1.0,2020-09-25,3000.0
214,M4M,2.0,2020-09-28,3000.0
215,M4M,1.0,2020-10-02,1000.0
216,M4M,2.0,2020-10-07,1950.0
217,M4M,1.0,2020-10-08,1795.0
218,M4M,2.0,2020-10-14,2375.0
219,M4M,2.0,2020-10-18,2350.0
220,M4M,1.0,2020-10-20,1863.0
221,M4M,2.0,2020-10-20,2423.5
222,M4M,1.0,2020-10-21,1650.0
223,M4M,2.0,2020-10-21,2700.0
224,M4M,1.0,2020-10-24,1699.0
225,M4M,1.0,2020-10-26,2275.0
226,M4M,1.0,2020-10-27,2425.0
227,M4M,1.0,2020-10-28,1667.0
228,M4N,1.0,2020-09-24,1300.0
229,M4N,2.0,2020-09-27,2800.0
230,M4N,2.0,2020-09-28,4195.0
231,M4N,1.0,2020-10-15,2795.0
232,M4N,2.0,2020-10-16,1835.0
233,M4N,1.0,2020-10-17,2000.0
234,M4N,2.0,2020-10-19,4300.0
235,M4N,1.0,2020-10-24,2700.0
236,M4N,1.0,2020-10-26,2200.0
237,M4N,2.0,2020-10-26,2900.0
238,M4P,1.0,2020-09-22,1850.0
239,M4P,1.0,2020-10-05,2995.0
240,M4P,1.0,2020-10-15,1800.0
241,M4P,2.0,2020-10-15,2525.0
242,M4P,2.0,2020-10-16,1.0
243,M4P,1.0,2020-10-18,1925.0
244,M4P,1.0,2020-10-19,1900.0
245,M4P,2.0,2020-10-19,2487.5
246,M4P,1.0,2020-10-20,1700.0
247,M4P,2.0,2020-10-20,2295.0
248,M4P,1.0,2020-10-21,2495.0
249,M4P,2.0,2020-10-22,2150.0
250,M4P,1.0,2020-10-23,1600.0
251,M4P,2.0,2020-10-23,3050.0
252,M4P,2.0,2020-10-25,2395.0
253,M4P,2.0,2020-10-26,2025.0
254,M4P,1.0,2020-10-28,1875.0
255,M4P,2.0,2020-10-28,2350.0
256,M4R,2.0,2020-10-17,2800.0
257,M4S,1.0,2020-09-27,1050.0
258,M4S,2.0,2020-10-05,3200.0
259,M4S,1.0,2020-10-08,2095.0
260,M4S,2.0,2020-10-08,3800.0
261,M4S,1.0,2020-10-09,1250.0
262,M4S,1.0,2020-10-13,1999.0
263,M4S,1.0,2020-10-15,2341.6666666666665
264,M4S,1.0,2020-10-16,1999.0
265,M4S,1.0,2020-10-17,1750.0
266,M4S,1.0,2020-10-18,1600.0
267,M4S,1.0,2020-10-19,2997.0
268,M4S,1.0,2020-10-20,2047.5
269,M4S,2.0,2020-10-20,2795.0
270,M4S,1.0,2020-10-21,1500.0
271,M4S,1.0,2020-10-22,2050.0
272,M4S,1.0,2020-10-23,1745.0
273,M4S,1.0,2020-10-24,1725.0
274,M4S,2.0,2020-10-24,2525.0
275,M4S,2.0,2020-10-26,2350.0
276,M4T,1.0,2020-09-20,1600.0
277,M4T,2.0,2020-09-30,2995.0
278,M4T,2.0,2020-10-05,3695.0
279,M4T,1.0,2020-10-11,1400.0
280,M4T,1.0,2020-10-12,1400.0
281,M4T,1.0,2020-10-13,1500.0
282,M4T,1.0,2020-10-14,1500.0
283,M4T,2.0,2020-10-14,2350.0
284,M4T,1.0,2020-10-17,1500.0
285,M4T,1.0,2020-10-23,1400.0
286,M4V,1.0,2020-09-20,2032.3333333333333
287,M4V,1.0,2020-09-27,2000.0
288,M4V,1.0,2020-10-05,2950.0
289,M4V,2.0,2020-10-11,2487.5
290,M4V,1.0,2020-10-14,2100.0
291,M4V,1.0,2020-10-15,1950.0
292,M4V,2.0,2020-10-19,1950.0
293,M4V,2.0,2020-10-20,3200.0
294,M4V,1.0,2020-10-21,1500.0
295,M4V,1.0,2020-10-22,1475.0
296,M4V,2.0,2020-10-22,2480.0
297,M4V,1.0,2020-10-24,1900.0
298,M4V,2.0,2020-10-24,2608.3333333333335
299,M4V,1.0,2020-10-26,1700.0
300,M4V,2.0,2020-10-27,1966.6666666666667
301,M4V,2.0,2020-10-28,1800.0
302,M4W,1.0,2020-09-20,2450.0
303,M4W,2.0,2020-09-28,3250.0
304,M4W,1.0,2020-10-06,2100.0
305,M4W,1.0,2020-10-07,2695.0
306,M4W,1.0,2020-10-13,2697.5
307,M4W,2.0,2020-10-16,1830.0
308,M4W,2.0,2020-10-18,2200.0
309,M4W,1.0,2020-10-19,2995.0
310,M4W,2.0,2020-10-19,3047.5
311,M4W,1.0,2020-10-20,2200.0
312,M4W,1.0,2020-10-21,2261.25
313,M4W,1.0,2020-10-22,1797.5
314,M4W,1.0,2020-10-24,2600.0
315,M4W,2.0,2020-10-24,2725.0
316,M4W,1.0,2020-10-25,1862.5
317,M4W,1.0,2020-10-26,1749.0
318,M4W,1.0,2020-10-27,1749.0
319,M4W,1.0,2020-10-28,1749.0
320,M4W,2.0,2020-10-28,3500.0
321,M4X,2.0,2020-09-25,855.0
322,M4X,1.0,2020-10-16,1800.0
323,M4X,1.0,2020-10-19,1250.0
324,M4Y,2.0,2020-09-20,3600.0
325,M4Y,1.0,2020-09-24,1895.0
326,M4Y,1.0,2020-09-25,1850.0
327,M4Y,1.0,2020-09-26,1850.0
328,M4Y,1.0,2020-09-29,2650.0
329,M4Y,2.0,2020-09-30,2280.0
330,M4Y,1.0,2020-10-01,1900.0
331,M4Y,2.0,2020-10-01,2500.0
332,M4Y,1.0,2020-10-05,3078.3333333333335
333,M4Y,2.0,2020-10-05,5195.0
334,M4Y,2.0,2020-10-07,3100.0
335,M4Y,1.0,2020-10-09,2145.0
336,M4Y,2.0,2020-10-09,3145.0
337,M4Y,1.0,2020-10-13,2100.0
338,M4Y,2.0,2020-10-13,2795.0
339,M4Y,1.0,2020-10-14,1845.0
340,M4Y,2.0,2020-10-14,2000.0
341,M4Y,1.0,2020-10-15,1920.8333333333333
342,M4Y,2.0,2020-10-15,2700.0
343,M4Y,1.0,2020-10-16,2069.285714285714
344,M4Y,1.0,2020-10-17,1700.0
345,M4Y,1.0,2020-10-18,1840.0
346,M4Y,2.0,2020-10-18,2450.0
347,M4Y,1.0,2020-10-19,2005.625
348,M4Y,2.0,2020-10-19,2750.0
349,M4Y,1.0,2020-10-20,1841.6666666666667
350,M4Y,1.0,2020-10-21,1632.5
351,M4Y,2.0,2020-10-21,2810.0
352,M4Y,1.0,2020-10-22,1875.0
353,M4Y,2.0,2020-10-22,2475.0
354,M4Y,1.0,2020-10-23,1631.6666666666667
355,M4Y,2.0,2020-10-23,2975.0
356,M4Y,1.0,2020-10-24,1999.6666666666667
357,M4Y,2.0,2020-10-24,3000.0
358,M4Y,1.0,2020-10-25,1775.0
359,M4Y,2.0,2020-10-25,2099.5
360,M4Y,1.0,2020-10-26,1866.6666666666667
361,M4Y,2.0,2020-10-26,2695.0
362,M4Y,1.0,2020-10-27,1685.0
363,M4Y,2.0,2020-10-27,2983.3333333333335
364,M4Y,1.0,2020-10-28,1897.0
365,M4Y,2.0,2020-10-28,2800.0
366,M5A,1.0,2020-09-21,1806.6666666666667
367,M5A,1.0,2020-09-22,2200.0
368,M5A,1.0,2020-09-23,4500.0
369,M5A,1.0,2020-09-24,1693.3333333333333
370,M5A,1.0,2020-09-27,1400.0
371,M5A,2.0,2020-09-29,3333.3333333333335
372,M5A,1.0,2020-09-30,2425.0
373,M5A,1.0,2020-10-01,2300.0
374,M5A,1.0,2020-10-02,1495.0
375,M5A,1.0,2020-10-05,2948.3333333333335
376,M5A,2.0,2020-10-06,3350.0
377,M5A,1.0,2020-10-07,1925.0
378,M5A,2.0,2020-10-10,2600.0
379,M5A,2.0,2020-10-11,4250.0
380,M5A,1.0,2020-10-12,2100.0
381,M5A,1.0,2020-10-13,2090.0
382,M5A,2.0,2020-10-13,2495.0
383,M5A,1.0,2020-10-14,1662.0
384,M5A,2.0,2020-10-14,2446.6666666666665
385,M5A,1.0,2020-10-15,1787.5
386,M5A,2.0,2020-10-15,2175.0
387,M5A,2.0,2020-10-16,2500.0
388,M5A,1.0,2020-10-17,1850.0
389,M5A,2.0,2020-10-17,2050.0
390,M5A,1.0,2020-10-18,1666.6666666666667
391,M5A,2.0,2020-10-18,2775.0
392,M5A,1.0,2020-10-19,2210.0
393,M5A,2.0,2020-10-19,4000.0
394,M5A,1.0,2020-10-20,2111.25
395,M5A,1.0,2020-10-21,2072.75
396,M5A,2.0,2020-10-21,2380.0
397,M5A,1.0,2020-10-22,1781.923076923077
398,M5A,2.0,2020-10-22,2860.8333333333335
399,M5A,1.0,2020-10-23,1811.75
400,M5A,2.0,2020-10-23,2299.6
401,M5A,2.0,2020-10-24,2197.5
402,M5A,1.0,2020-10-25,1912.5
403,M5A,2.0,2020-10-25,2724.5
404,M5A,1.0,2020-10-26,1874.1666666666667
405,M5A,2.0,2020-10-26,2250.0
406,M5A,1.0,2020-10-27,2111.25
407,M5A,1.0,2020-10-28,1693.75
408,M5A,2.0,2020-10-28,2410.0
409,M5B,1.0,2020-09-28,2197.5
410,M5B,1.0,2020-09-29,1850.0
411,M5B,1.0,2020-10-01,1900.0
412,M5B,1.0,2020-10-05,2695.0
413,M5B,1.0,2020-10-08,1600.0
414,M5B,1.0,2020-10-13,1680.0
415,M5B,1.0,2020-10-14,1800.0
416,M5B,2.0,2020-10-14,2325.0
417,M5B,1.0,2020-10-16,1800.0
418,M5B,1.0,2020-10-17,2220.0
419,M5B,2.0,2020-10-17,2550.0
420,M5B,1.0,2020-10-18,1266.6666666666667
421,M5B,1.0,2020-10-19,1400.0
422,M5B,1.0,2020-10-20,1000.0
423,M5B,2.0,2020-10-20,2550.0
424,M5B,1.0,2020-10-21,1555.75
425,M5B,2.0,2020-10-21,2450.0
426,M5B,1.0,2020-10-22,1524.4444444444443
427,M5B,2.0,2020-10-22,2250.0
428,M5B,1.0,2020-10-24,1700.0
429,M5B,2.0,2020-10-24,2500.0
430,M5B,1.0,2020-10-25,1887.0
431,M5B,1.0,2020-10-27,1583.3333333333333
432,M5B,2.0,2020-10-27,2550.0
433,M5B,1.0,2020-10-28,1360.0
434,M5B,2.0,2020-10-28,2000.3333333333333
435,M5C,1.0,2020-10-07,1950.0
436,M5C,1.0,2020-10-14,1500.0
437,M5C,1.0,2020-10-15,2590.0
438,M5C,1.0,2020-10-19,1922.5
439,M5C,1.0,2020-10-20,1850.0
440,M5C,2.0,2020-10-20,2800.0
441,M5C,2.0,2020-10-22,2250.0
442,M5C,1.0,2020-10-24,1787.0
443,M5E,1.0,2020-09-23,917.0
444,M5E,2.0,2020-09-26,2100.0
445,M5E,1.0,2020-09-27,965.0
446,M5E,1.0,2020-09-28,2695.0
447,M5E,1.0,2020-09-29,2100.0
448,M5E,2.0,2020-09-29,3247.5
449,M5E,1.0,2020-10-02,2100.0
450,M5E,1.0,2020-10-05,2095.0
451,M5E,1.0,2020-10-08,3495.0
452,M5E,2.0,2020-10-08,2645.0
453,M5E,1.0,2020-10-13,2363.3333333333335
454,M5E,1.0,2020-10-14,1950.0
455,M5E,2.0,2020-10-14,2300.0
456,M5E,1.0,2020-10-15,2025.0
457,M5E,1.0,2020-10-17,2850.0
458,M5E,1.0,2020-10-20,2995.0
459,M5E,2.0,2020-10-20,3250.0
460,M5E,1.0,2020-10-21,2015.0
461,M5E,1.0,2020-10-22,2090.0
462,M5E,2.0,2020-10-22,2450.0
463,M5E,1.0,2020-10-23,1700.0
464,M5E,2.0,2020-10-23,6000.0
465,M5E,2.0,2020-10-24,2750.0
466,M5E,1.0,2020-10-25,1940.0
467,M5E,1.0,2020-10-26,2949.0
468,M5E,2.0,2020-10-26,2995.0
469,M5E,1.0,2020-10-27,1695.0
470,M5E,1.0,2020-10-28,1695.0
471,M5G,1.0,2020-09-20,2010.0
472,M5G,2.0,2020-09-20,3266.6666666666665
473,M5G,2.0,2020-09-21,4095.0
474,M5G,1.0,2020-09-27,1085.0
475,M5G,2.0,2020-09-29,3500.0
476,M5G,2.0,2020-09-30,2450.0
477,M5G,1.0,2020-10-01,1900.0
478,M5G,1.0,2020-10-05,3000.0
479,M5G,2.0,2020-10-05,3895.0
480,M5G,1.0,2020-10-12,1900.0
481,M5G,2.0,2020-10-13,5895.0
482,M5G,2.0,2020-10-14,2809.5
483,M5G,1.0,2020-10-15,1800.0
484,M5G,2.0,2020-10-15,3750.0
485,M5G,1.0,2020-10-16,2598.0
486,M5G,1.0,2020-10-19,4500.0
487,M5G,2.0,2020-10-19,5444.0
488,M5G,1.0,2020-10-20,1615.0
489,M5G,2.0,2020-10-20,2472.0
490,M5G,1.0,2020-10-21,925.0
491,M5G,2.0,2020-10-21,3165.0
492,M5G,1.0,2020-10-22,2016.4444444444443
493,M5G,2.0,2020-10-22,2300.0
494,M5G,1.0,2020-10-23,1980.0
495,M5G,1.0,2020-10-26,2000.0
496,M5G,2.0,2020-10-26,2895.0
497,M5G,1.0,2020-10-27,1857.5
498,M5G,1.0,2020-10-28,2149.5
499,M5H,1.0,2020-09-20,2100.0
500,M5H,2.0,2020-09-20,3004.0
501,M5H,2.0,2020-10-14,2200.0
502,M5H,2.0,2020-10-18,2200.0
503,M5H,1.0,2020-10-19,2092.5
504,M5H,1.0,2020-10-21,2250.0
505,M5H,2.0,2020-10-21,2550.0
506,M5H,1.0,2020-10-22,1690.0
507,M5H,1.0,2020-10-23,2175.0
508,M5H,1.0,2020-10-24,1775.0
509,M5H,1.0,2020-10-28,1850.0
510,M5J,1.0,2020-09-20,2000.0
511,M5J,2.0,2020-09-20,3040.0
512,M5J,1.0,2020-09-25,1866.6666666666667
513,M5J,2.0,2020-09-25,2875.0
514,M5J,2.0,2020-09-28,3295.0
515,M5J,1.0,2020-09-29,2315.0
516,M5J,2.0,2020-09-29,2950.0
517,M5J,1.0,2020-10-01,2295.0
518,M5J,1.0,2020-10-02,1600.0
519,M5J,1.0,2020-10-04,1933.3333333333333
520,M5J,2.0,2020-10-04,2600.0
521,M5J,2.0,2020-10-05,2995.0
522,M5J,1.0,2020-10-07,2299.0
523,M5J,1.0,2020-10-09,1800.0
524,M5J,2.0,2020-10-11,2895.0
525,M5J,1.0,2020-10-13,2130.8333333333335
526,M5J,2.0,2020-10-13,2797.5
527,M5J,1.0,2020-10-14,2029.0
528,M5J,2.0,2020-10-14,2750.0
529,M5J,1.0,2020-10-15,2212.5
530,M5J,2.0,2020-10-15,2300.0
531,M5J,2.0,2020-10-16,2425.0
532,M5J,2.0,2020-10-17,2549.5
533,M5J,1.0,2020-10-18,1895.0
534,M5J,2.0,2020-10-18,2466.6666666666665
535,M5J,1.0,2020-10-19,1983.75
536,M5J,2.0,2020-10-19,3122.5
537,M5J,1.0,2020-10-20,2625.0
538,M5J,1.0,2020-10-21,1874.0
539,M5J,2.0,2020-10-21,2948.3333333333335
540,M5J,1.0,2020-10-22,2062.375
541,M5J,2.0,2020-10-22,3000.0
542,M5J,1.0,2020-10-23,2062.5
543,M5J,2.0,2020-10-23,3350.0
544,M5J,1.0,2020-10-24,1833.3333333333333
545,M5J,1.0,2020-10-25,1825.0
546,M5J,2.0,2020-10-25,3050.0
547,M5J,1.0,2020-10-26,1850.0
548,M5J,2.0,2020-10-26,3747.5
549,M5J,1.0,2020-10-27,1814.2
550,M5J,1.0,2020-10-28,1939.6
551,M5J,2.0,2020-10-28,2893.3333333333335
552,M5M,1.0,2020-10-10,1275.0
553,M5M,1.0,2020-10-23,2099.0
554,M5M,2.0,2020-10-24,1800.0
555,M5N,2.0,2020-09-29,2199.0
556,M5N,1.0,2020-10-13,1600.0
557,M5N,2.0,2020-10-16,2650.0
558,M5N,2.0,2020-10-21,1500.0
559,M5N,2.0,2020-10-25,2400.0
560,M5P,1.0,2020-09-24,1700.0
561,M5P,1.0,2020-10-01,1850.0
562,M5P,1.0,2020-10-05,1285.0
563,M5P,1.0,2020-10-06,1400.0
564,M5P,1.0,2020-10-08,2100.0
565,M5P,1.0,2020-10-13,1550.0
566,M5P,1.0,2020-10-14,1300.0
567,M5P,2.0,2020-10-16,3025.0
568,M5P,1.0,2020-10-17,1695.0
569,M5P,1.0,2020-10-20,1495.0
570,M5P,1.0,2020-10-21,2495.0
571,M5P,2.0,2020-10-22,1595.0
572,M5P,1.0,2020-10-24,1800.0
573,M5P,2.0,2020-10-24,2850.0
574,M5P,1.0,2020-10-25,1950.0
575,M5P,2.0,2020-10-25,2370.0
576,M5P,1.0,2020-10-26,1495.0
577,M5P,1.0,2020-10-28,2247.5
578,M5R,2.0,2020-09-19,3150.0
579,M5R,1.0,2020-09-20,2010.0
580,M5R,2.0,2020-09-20,2750.0
581,M5R,1.0,2020-09-24,2750.0
582,M5R,2.0,2020-09-24,3500.0
583,M5R,2.0,2020-09-26,2150.0
584,M5R,1.0,2020-09-29,2400.0
585,M5R,2.0,2020-09-29,3150.0
586,M5R,2.0,2020-10-02,2400.0
587,M5R,2.0,2020-10-04,2400.0
588,M5R,1.0,2020-10-05,1650.0
589,M5R,1.0,2020-10-06,1995.0
590,M5R,2.0,2020-10-06,2987.5
591,M5R,2.0,2020-10-07,4950.0
592,M5R,1.0,2020-10-10,2750.0
593,M5R,2.0,2020-10-11,2975.0
594,M5R,1.0,2020-10-12,899.0
595,M5R,1.0,2020-10-13,2521.25
596,M5R,1.0,2020-10-14,1291.6666666666667
597,M5R,1.0,2020-10-15,1619.0
598,M5R,1.0,2020-10-16,1633.3333333333333
599,M5R,2.0,2020-10-16,3500.0
600,M5R,2.0,2020-10-17,2766.6666666666665
601,M5R,1.0,2020-10-18,1350.0
602,M5R,1.0,2020-10-19,1723.75
603,M5R,2.0,2020-10-19,1411.0
604,M5R,1.0,2020-10-20,1105.6666666666667
605,M5R,1.0,2020-10-21,1814.2857142857142
606,M5R,2.0,2020-10-21,1943.75
607,M5R,1.0,2020-10-22,1942.857142857143
608,M5R,2.0,2020-10-22,4500.0
609,M5R,1.0,2020-10-23,2496.6666666666665
610,M5R,2.0,2020-10-23,2800.0
611,M5R,1.0,2020-10-24,1956.25
612,M5R,2.0,2020-10-24,2550.0
613,M5R,1.0,2020-10-25,1300.0
614,M5R,2.0,2020-10-25,1740.0
615,M5R,1.0,2020-10-26,1496.3333333333333
616,M5R,2.0,2020-10-26,5071.25
617,M5R,2.0,2020-10-27,2197.5
618,M5R,1.0,2020-10-28,1750.0
619,M5R,2.0,2020-10-28,2283.3333333333335
620,M5S,1.0,2020-09-20,2095.0
621,M5S,2.0,2020-09-20,9500.0
622,M5S,2.0,2020-09-29,3500.0
623,M5S,2.0,2020-10-03,2150.0
624,M5S,2.0,2020-10-04,2150.0
625,M5S,1.0,2020-10-05,2050.0
626,M5S,1.0,2020-10-13,1800.0
627,M5S,1.0,2020-10-14,1650.0
628,M5S,2.0,2020-10-16,8500.0
629,M5S,2.0,2020-10-17,2200.0
630,M5S,1.0,2020-10-18,1915.0
631,M5S,1.0,2020-10-19,2250.0
632,M5S,1.0,2020-10-21,1650.0
633,M5S,2.0,2020-10-21,3373.75
634,M5S,1.0,2020-10-22,1700.0
635,M5S,2.0,2020-10-22,2320.0
636,M5S,1.0,2020-10-24,2000.0
637,M5S,2.0,2020-10-24,2075.0
638,M5S,2.0,2020-10-26,1800.0
639,M5S,1.0,2020-10-27,1500.0
640,M5S,2.0,2020-10-27,2480.0
641,M5S,1.0,2020-10-28,1772.5
642,M5T,1.0,2020-09-25,2200.0
643,M5T,2.0,2020-09-28,2100.0
644,M5T,2.0,2020-09-29,3999.0
645,M5T,2.0,2020-09-30,3295.0
646,M5T,1.0,2020-10-03,2000.0
647,M5T,2.0,2020-10-09,2795.0
648,M5T,1.0,2020-10-13,2595.0
649,M5T,1.0,2020-10-15,1899.0
650,M5T,2.0,2020-10-15,1800.0
651,M5T,2.0,2020-10-17,1850.0
652,M5T,1.0,2020-10-18,2350.0
653,M5T,2.0,2020-10-18,2300.0
654,M5T,1.0,2020-10-19,1595.0
655,M5T,2.0,2020-10-19,2597.5
656,M5T,1.0,2020-10-20,916.3333333333334
657,M5T,2.0,2020-10-20,1395.0
658,M5T,1.0,2020-10-21,895.0
659,M5T,2.0,2020-10-21,2055.5
660,M5T,1.0,2020-10-22,2200.0
661,M5T,2.0,2020-10-22,2500.0
662,M5T,2.0,2020-10-23,2350.0
663,M5T,1.0,2020-10-26,1695.0
664,M5T,2.0,2020-10-26,2547.5
665,M5T,1.0,2020-10-27,1450.0
666,M5T,2.0,2020-10-27,2575.0
667,M5T,2.0,2020-10-28,1900.0
668,M5V,1.0,2020-09-20,1765.0
669,M5V,2.0,2020-09-20,4300.0
670,M5V,1.0,2020-09-21,950.0
671,M5V,1.0,2020-09-22,1750.0
672,M5V,1.0,2020-09-23,945.0
673,M5V,1.0,2020-09-24,2041.6666666666667
674,M5V,1.0,2020-09-25,1450.0
675,M5V,2.0,2020-09-25,3400.0
676,M5V,1.0,2020-09-27,962.5
677,M5V,1.0,2020-09-28,2109.0
678,M5V,2.0,2020-09-28,4248.333333333333
679,M5V,1.0,2020-09-29,2270.0
680,M5V,1.0,2020-09-30,3295.0
681,M5V,1.0,2020-10-01,1850.0
682,M5V,2.0,2020-10-01,2099.0
683,M5V,1.0,2020-10-02,870.0
684,M5V,1.0,2020-10-03,1925.0
685,M5V,1.0,2020-10-04,1847.5
686,M5V,1.0,2020-10-05,2836.0
687,M5V,2.0,2020-10-05,4745.0
688,M5V,1.0,2020-10-06,2150.0
689,M5V,1.0,2020-10-07,1950.0
690,M5V,1.0,2020-10-08,1780.0
691,M5V,2.0,2020-10-08,2800.0
692,M5V,2.0,2020-10-10,4250.0
693,M5V,2.0,2020-10-11,2250.0
694,M5V,1.0,2020-10-13,2264.090909090909
695,M5V,2.0,2020-10-13,2885.0
696,M5V,1.0,2020-10-14,1850.0
697,M5V,2.0,2020-10-14,2823.75
698,M5V,1.0,2020-10-15,1791.6666666666667
699,M5V,2.0,2020-10-15,2200.0
700,M5V,1.0,2020-10-16,2302.1428571428573
701,M5V,2.0,2020-10-16,2450.0
702,M5V,1.0,2020-10-17,2203.8
703,M5V,1.0,2020-10-18,1825.0
704,M5V,2.0,2020-10-18,2284.5
705,M5V,1.0,2020-10-19,2397.6666666666665
706,M5V,2.0,2020-10-19,3897.5
707,M5V,1.0,2020-10-20,2161.923076923077
708,M5V,2.0,2020-10-20,2463.5
709,M5V,1.0,2020-10-21,1914.7142857142858
710,M5V,2.0,2020-10-21,2934.4545454545455
711,M5V,1.0,2020-10-22,1993.25
712,M5V,2.0,2020-10-22,2740.5
713,M5V,1.0,2020-10-23,2137.5
714,M5V,2.0,2020-10-23,2814.5
715,M5V,1.0,2020-10-24,1950.0
716,M5V,2.0,2020-10-24,2728.5714285714284
717,M5V,1.0,2020-10-25,1791.25
718,M5V,1.0,2020-10-26,2191.4285714285716
719,M5V,2.0,2020-10-26,3372.5
720,M5V,1.0,2020-10-27,1850.5
721,M5V,2.0,2020-10-27,2882.0
722,M5V,1.0,2020-10-28,1999.5
723,M5V,2.0,2020-10-28,2500.0
724,M6A,1.0,2020-09-30,1895.0
725,M6A,2.0,2020-10-05,2300.0
726,M6A,2.0,2020-10-08,2125.0
727,M6A,1.0,2020-10-09,2000.0
728,M6A,1.0,2020-10-14,1400.0
729,M6A,2.0,2020-10-16,2500.0
730,M6A,2.0,2020-10-17,750.0
731,M6A,2.0,2020-10-22,2000.0
732,M6A,2.0,2020-10-23,2145.0
733,M6A,2.0,2020-10-26,2100.0
734,M6A,2.0,2020-10-28,2100.0
735,M6B,1.0,2020-09-30,1750.0
736,M6B,1.0,2020-10-13,1995.0
737,M6B,2.0,2020-10-17,2200.0
738,M6B,1.0,2020-10-26,1400.0
739,M6B,2.0,2020-10-28,1900.0
740,M6C,1.0,2020-09-21,1450.0
741,M6C,1.0,2020-09-22,1600.0
742,M6C,2.0,2020-09-25,2800.0
743,M6C,2.0,2020-10-14,2500.0
744,M6C,1.0,2020-10-18,1750.0
745,M6C,2.0,2020-10-18,2100.0
746,M6C,1.0,2020-10-21,1005.0
747,M6C,1.0,2020-10-22,1887.5
748,M6C,2.0,2020-10-22,2900.0
749,M6C,1.0,2020-10-26,1400.0
750,M6C,2.0,2020-10-26,2400.0
751,M6E,2.0,2020-09-22,1900.0
752,M6E,2.0,2020-09-24,1800.0
753,M6E,2.0,2020-09-30,1495.0
754,M6E,1.0,2020-10-07,1950.0
755,M6E,1.0,2020-10-08,1600.0
756,M6E,2.0,2020-10-10,1800.0
757,M6E,2.0,2020-10-11,1800.0
758,M6E,2.0,2020-10-12,1800.0
759,M6E,1.0,2020-10-13,1450.0
760,M6E,2.0,2020-10-13,1783.3333333333333
761,M6E,2.0,2020-10-14,2100.0
762,M6E,1.0,2020-10-15,1577.0
763,M6E,2.0,2020-10-15,1800.0
764,M6E,2.0,2020-10-16,1800.0
765,M6E,2.0,2020-10-17,1800.0
766,M6E,1.0,2020-10-18,900.0
767,M6E,2.0,2020-10-18,1800.0
768,M6E,2.0,2020-10-19,1242.0
769,M6E,1.0,2020-10-21,2100.0
770,M6E,1.0,2020-10-23,1500.0
771,M6E,1.0,2020-10-24,1900.0
772,M6E,2.0,2020-10-24,2500.0
773,M6E,1.0,2020-10-26,1400.0
774,M6E,2.0,2020-10-26,1997.5
775,M6E,1.0,2020-10-27,1522.5
776,M6E,2.0,2020-10-27,1995.0
777,M6G,1.0,2020-09-19,1400.0
778,M6G,2.0,2020-09-20,1850.0
779,M6G,1.0,2020-09-21,2950.0
780,M6G,2.0,2020-09-24,1700.0
781,M6G,1.0,2020-09-25,1772.5
782,M6G,1.0,2020-09-28,2325.0
783,M6G,2.0,2020-09-28,2600.0
784,M6G,1.0,2020-10-01,2175.0
785,M6G,1.0,2020-10-02,2850.0
786,M6G,1.0,2020-10-05,2295.0
787,M6G,2.0,2020-10-07,5995.0
788,M6G,2.0,2020-10-08,5995.0
789,M6G,2.0,2020-10-09,2250.0
790,M6G,2.0,2020-10-11,5995.0
791,M6G,2.0,2020-10-12,2399.0
792,M6G,2.0,2020-10-13,2300.0
793,M6G,1.0,2020-10-14,1741.0
794,M6G,1.0,2020-10-15,1837.0
795,M6G,2.0,2020-10-15,3495.0
796,M6G,1.0,2020-10-16,1687.5
797,M6G,2.0,2020-10-16,2449.5
798,M6G,2.0,2020-10-17,2175.0
799,M6G,1.0,2020-10-19,1390.0
800,M6G,2.0,2020-10-19,2285.0
801,M6G,1.0,2020-10-20,1287.5
802,M6G,2.0,2020-10-20,2495.0
803,M6G,1.0,2020-10-21,1829.0
804,M6G,1.0,2020-10-22,2074.1666666666665
805,M6G,2.0,2020-10-22,2333.3333333333335
806,M6G,1.0,2020-10-23,2387.5
807,M6G,2.0,2020-10-23,2260.0
808,M6G,1.0,2020-10-24,2700.0
809,M6G,2.0,2020-10-24,2043.75
810,M6G,1.0,2020-10-25,1400.0
811,M6G,2.0,2020-10-25,1900.0
812,M6G,1.0,2020-10-26,2300.0
813,M6G,2.0,2020-10-26,1987.0
814,M6G,1.0,2020-10-27,2100.0
815,M6G,2.0,2020-10-27,2418.125
816,M6G,1.0,2020-10-28,1843.5
817,M6G,2.0,2020-10-28,1800.0
818,M6H,1.0,2020-09-20,1755.0
819,M6H,1.0,2020-09-21,2072.5
820,M6H,2.0,2020-09-21,2850.0
821,M6H,2.0,2020-09-22,2150.0
822,M6H,2.0,2020-09-23,2195.0
823,M6H,1.0,2020-09-24,1550.0
824,M6H,1.0,2020-09-26,1600.0
825,M6H,1.0,2020-09-29,1695.0
826,M6H,1.0,2020-09-30,1950.0
827,M6H,2.0,2020-09-30,1900.0
828,M6H,2.0,2020-10-01,3245.0
829,M6H,2.0,2020-10-04,2100.0
830,M6H,2.0,2020-10-05,1800.0
831,M6H,2.0,2020-10-07,4900.0
832,M6H,1.0,2020-10-08,1597.5
833,M6H,2.0,2020-10-08,1200.0
834,M6H,1.0,2020-10-09,1766.6666666666667
835,M6H,2.0,2020-10-10,1800.0
836,M6H,1.0,2020-10-13,2648.0
837,M6H,2.0,2020-10-13,2950.0
838,M6H,1.0,2020-10-14,1665.0
839,M6H,2.0,2020-10-14,1650.0
840,M6H,1.0,2020-10-15,1700.0
841,M6H,2.0,2020-10-15,2325.0
842,M6H,1.0,2020-10-16,2100.0
843,M6H,2.0,2020-10-16,2111.25
844,M6H,1.0,2020-10-17,1425.0
845,M6H,2.0,2020-10-17,2475.0
846,M6H,1.0,2020-10-18,1675.0
847,M6H,1.0,2020-10-19,1433.3333333333333
848,M6H,1.0,2020-10-20,1450.0
849,M6H,2.0,2020-10-20,1945.0
850,M6H,2.0,2020-10-22,1485.0
851,M6H,1.0,2020-10-23,1795.0
852,M6H,1.0,2020-10-24,1800.0
853,M6H,2.0,2020-10-24,3000.0
854,M6H,1.0,2020-10-25,1950.0
855,M6H,2.0,2020-10-25,2300.0
856,M6H,1.0,2020-10-26,2516.25
857,M6H,2.0,2020-10-26,1800.0
858,M6H,1.0,2020-10-27,1650.0
859,M6H,1.0,2020-10-28,1565.0
860,M6H,2.0,2020-10-28,2200.0
861,M6J,2.0,2020-09-20,6200.0
862,M6J,1.0,2020-09-22,1580.0
863,M6J,2.0,2020-09-23,2000.0
864,M6J,1.0,2020-09-27,1050.0
865,M6J,1.0,2020-09-28,1995.0
866,M6J,2.0,2020-09-28,1950.0
867,M6J,1.0,2020-09-29,1950.0
868,M6J,2.0,2020-09-29,1750.0
869,M6J,2.0,2020-10-04,2080.0
870,M6J,1.0,2020-10-05,2147.5
871,M6J,2.0,2020-10-05,2795.0
872,M6J,2.0,2020-10-06,2200.0
873,M6J,2.0,2020-10-07,3116.6666666666665
874,M6J,1.0,2020-10-08,1725.0
875,M6J,2.0,2020-10-08,1987.5
876,M6J,1.0,2020-10-10,1750.0
877,M6J,2.0,2020-10-10,4250.0
878,M6J,2.0,2020-10-11,3800.0
879,M6J,1.0,2020-10-13,1900.0
880,M6J,2.0,2020-10-13,2745.0
881,M6J,1.0,2020-10-14,1975.0
882,M6J,2.0,2020-10-14,2600.0
883,M6J,1.0,2020-10-15,2090.0
884,M6J,2.0,2020-10-15,2383.3333333333335
885,M6J,1.0,2020-10-16,2036.25
886,M6J,2.0,2020-10-16,2100.0
887,M6J,1.0,2020-10-17,1425.0
888,M6J,1.0,2020-10-18,1975.0
889,M6J,1.0,2020-10-19,1886.25
890,M6J,2.0,2020-10-19,2493.75
891,M6J,2.0,2020-10-20,1400.0
892,M6J,1.0,2020-10-21,1675.0
893,M6J,2.0,2020-10-21,2127.0
894,M6J,1.0,2020-10-22,1567.5
895,M6J,2.0,2020-10-22,2424.1666666666665
896,M6J,1.0,2020-10-23,1275.0
897,M6J,2.0,2020-10-23,2975.0
898,M6J,1.0,2020-10-25,2012.5
899,M6J,2.0,2020-10-25,2585.0
900,M6J,1.0,2020-10-26,2027.0
901,M6J,2.0,2020-10-26,3046.0
902,M6J,1.0,2020-10-27,1995.0
903,M6J,2.0,2020-10-27,1824.5
904,M6J,1.0,2020-10-28,1744.0
905,M6J,2.0,2020-10-28,2194.75
906,M6K,1.0,2020-09-20,1450.0
907,M6K,1.0,2020-09-22,1950.0
908,M6K,2.0,2020-09-28,1385.0
909,M6K,1.0,2020-09-30,2495.0
910,M6K,1.0,2020-10-01,1650.0
911,M6K,2.0,2020-10-02,3000.0
912,M6K,1.0,2020-10-05,2843.5
913,M6K,2.0,2020-10-05,2725.0
914,M6K,1.0,2020-10-06,2700.0
915,M6K,2.0,2020-10-06,3995.0
916,M6K,1.0,2020-10-07,2048.3333333333335
917,M6K,1.0,2020-10-08,1600.0
918,M6K,2.0,2020-10-08,1800.0
919,M6K,1.0,2020-10-12,1795.0
920,M6K,1.0,2020-10-13,1766.6666666666667
921,M6K,2.0,2020-10-13,2375.0
922,M6K,1.0,2020-10-14,1850.0
923,M6K,2.0,2020-10-14,3772.5
924,M6K,1.0,2020-10-15,2225.0
925,M6K,2.0,2020-10-15,1691.6666666666667
926,M6K,1.0,2020-10-16,1961.25
927,M6K,2.0,2020-10-16,2500.0
928,M6K,1.0,2020-10-17,1850.0
929,M6K,2.0,2020-10-17,1750.0
930,M6K,1.0,2020-10-18,2300.0
931,M6K,2.0,2020-10-18,1550.0
932,M6K,1.0,2020-10-19,1863.3333333333333
933,M6K,2.0,2020-10-19,2915.0
934,M6K,1.0,2020-10-20,1780.0
935,M6K,2.0,2020-10-20,2127.8571428571427
936,M6K,1.0,2020-10-21,1727.5
937,M6K,2.0,2020-10-21,1662.5
938,M6K,1.0,2020-10-22,1832.857142857143
939,M6K,2.0,2020-10-22,2053.625
940,M6K,1.0,2020-10-23,2473.6
941,M6K,2.0,2020-10-23,1612.25
942,M6K,1.0,2020-10-24,1800.0
943,M6K,2.0,2020-10-24,1516.6666666666667
944,M6K,1.0,2020-10-25,2049.5
945,M6K,2.0,2020-10-25,2549.0
946,M6K,1.0,2020-10-26,1600.0
947,M6K,2.0,2020-10-26,1825.0
948,M6K,1.0,2020-10-27,2012.5
949,M6K,2.0,2020-10-27,1775.0
950,M6K,1.0,2020-10-28,2600.0
951,M6K,2.0,2020-10-28,1986.25
952,M6L,2.0,2020-10-17,1700.0
953,M6L,1.0,2020-10-27,800.0
954,M6M,1.0,2020-10-16,1195.0
955,M6M,1.0,2020-10-18,900.0
956,M6M,1.0,2020-10-19,1200.0
957,M6M,2.0,2020-10-22,2200.0
958,M6M,1.0,2020-10-24,1569.0
959,M6M,2.0,2020-10-25,1200.0
960,M6N,1.0,2020-09-24,1325.0
961,M6N,1.0,2020-09-30,2300.0
962,M6N,2.0,2020-10-02,2150.0
963,M6N,2.0,2020-10-05,2295.0
964,M6N,2.0,2020-10-08,2300.0
965,M6N,1.0,2020-10-09,1695.0
966,M6N,1.0,2020-10-13,1850.0
967,M6N,1.0,2020-10-16,1700.0
968,M6N,2.0,2020-10-19,2400.0
969,M6N,2.0,2020-10-21,1690.0
970,M6N,1.0,2020-10-22,1200.0
971,M6N,1.0,2020-10-28,1499.0
972,M6P,1.0,2020-09-22,1100.0
973,M6P,2.0,2020-09-23,1845.0
974,M6P,2.0,2020-09-26,2400.0
975,M6P,1.0,2020-09-28,2100.0
976,M6P,1.0,2020-09-29,1950.0
977,M6P,2.0,2020-09-30,2000.0
978,M6P,1.0,2020-10-02,1958.3333333333333
979,M6P,2.0,2020-10-04,1750.0
980,M6P,1.0,2020-10-06,1490.0
981,M6P,2.0,2020-10-07,2180.0
982,M6P,1.0,2020-10-08,1500.0
983,M6P,1.0,2020-10-10,1600.0
984,M6P,1.0,2020-10-13,3250.0
985,M6P,2.0,2020-10-15,3000.0
986,M6P,1.0,2020-10-18,2137.5
987,M6P,2.0,2020-10-18,1800.0
988,M6P,1.0,2020-10-19,2295.0
989,M6P,1.0,2020-10-20,2300.0
990,M6P,2.0,2020-10-20,3950.0
991,M6P,1.0,2020-10-22,2150.0
992,M6P,1.0,2020-10-23,1950.0
993,M6P,2.0,2020-10-24,1900.0
994,M6P,2.0,2020-10-25,1797.5
995,M6P,1.0,2020-10-26,1200.0
996,M6P,2.0,2020-10-26,2215.0
997,M6P,1.0,2020-10-27,2195.0
998,M6P,2.0,2020-10-27,2700.0
999,M6R,2.0,2020-09-21,4500.0
1000,M6R,2.0,2020-09-28,2600.0
1001,M6R,1.0,2020-10-08,2100.0
1002,M6R,1.0,2020-10-12,1550.0
1003,M6R,1.0,2020-10-13,1900.0
1004,M6R,1.0,2020-10-14,1650.0
1005,M6R,1.0,2020-10-15,1780.0
1006,M6R,2.0,2020-10-15,1850.0
1007,M6R,1.0,2020-10-16,1895.0
1008,M6R,2.0,2020-10-17,2800.0
1009,M6R,1.0,2020-10-18,1100.0
1010,M6R,2.0,2020-10-19,2361.25
1011,M6R,2.0,2020-10-21,2345.0
1012,M6R,1.0,2020-10-22,1700.0
1013,M6R,2.0,2020-10-22,1600.0
1014,M6R,2.0,2020-10-23,2300.0
1015,M6R,1.0,2020-10-24,2000.0
1016,M6R,2.0,2020-10-25,2000.0
1017,M6R,1.0,2020-10-26,1152.5
1018,M6R,1.0,2020-10-27,1650.0
1019,M6R,1.0,2020-10-28,1790.0
1020,M6R,2.0,2020-10-28,2125.0
1021,M6S,2.0,2020-10-07,1950.0
1022,M6S,1.0,2020-10-12,1800.0
1023,M6S,1.0,2020-10-13,1650.0
1024,M6S,1.0,2020-10-14,2100.0
1025,M6S,1.0,2020-10-15,1800.0
1026,M6S,2.0,2020-10-15,2400.0
1027,M6S,2.0,2020-10-17,2300.0
1028,M6S,1.0,2020-10-18,1999.0
1029,M6S,1.0,2020-10-19,2000.0
1030,M6S,1.0,2020-10-20,2045.0
1031,M6S,2.0,2020-10-21,1895.0
1032,M6S,1.0,2020-10-22,1555.0
1033,M6S,1.0,2020-10-23,2495.0
1034,M6S,2.0,2020-10-23,3850.0
1035,M6S,1.0,2020-10-24,1700.0
1036,M6S,1.0,2020-10-25,1450.0
1037,M6S,2.0,2020-10-25,2300.0
1038,M6S,1.0,2020-10-26,2095.0
1039,M6S,2.0,2020-10-27,3500.0
1040,M7A,1.0,2020-10-14,1980.0
1041,M7A,2.0,2020-10-14,2950.0
1042,M7A,1.0,2020-10-17,1988.0
1043,M7A,2.0,2020-10-22,2880.0
1044,M7A,1.0,2020-10-23,1600.0
1045,M7A,2.0,2020-10-24,3400.0
1046,M7A,1.0,2020-10-27,1900.0
1047,M8V,1.0,2020-09-30,950.0
1048,M8V,2.0,2020-10-10,3400.0
1049,M8V,2.0,2020-10-12,2445.0
1050,M8V,2.0,2020-10-13,2200.0
1051,M8V,1.0,2020-10-14,1990.0
1052,M8V,2.0,2020-10-14,2175.0
1053,M8V,2.0,2020-10-15,2275.0
1054,M8V,1.0,2020-10-16,1995.0
1055,M8V,2.0,2020-10-16,1875.0
1056,M8V,1.0,2020-10-17,1566.6666666666667
1057,M8V,1.0,2020-10-19,2046.6666666666667
1058,M8V,1.0,2020-10-20,988.0
1059,M8V,1.0,2020-10-21,2197.5
1060,M8V,1.0,2020-10-22,1285.0
1061,M8V,2.0,2020-10-22,2000.0
1062,M8V,1.0,2020-10-23,1872.5
1063,M8V,1.0,2020-10-24,1395.0
1064,M8V,2.0,2020-10-25,2500.0
1065,M8V,1.0,2020-10-26,2000.0
1066,M8V,1.0,2020-10-27,2000.0
1067,M8V,2.0,2020-10-27,2250.0
1068,M8V,1.0,2020-10-28,1897.5
1069,M8W,1.0,2020-10-07,1600.0
1070,M8W,1.0,2020-10-14,1300.0
1071,M8W,1.0,2020-10-15,1200.0
1072,M8W,1.0,2020-10-17,1799.0
1073,M8W,2.0,2020-10-18,2250.0
1074,M8W,2.0,2020-10-20,1800.0
1075,M8W,2.0,2020-10-23,2050.0
1076,M8X,2.0,2020-10-15,1895.0
1077,M8X,1.0,2020-10-22,1950.0
1078,M8X,1.0,2020-10-25,1650.0
1079,M8Y,1.0,2020-09-21,1600.0
1080,M8Y,2.0,2020-09-21,1799.0
1081,M8Y,2.0,2020-10-13,2100.0
1082,M8Y,1.0,2020-10-17,1900.0
1083,M8Y,2.0,2020-10-17,2100.0
1084,M8Y,2.0,2020-10-19,2100.0
1085,M8Y,1.0,2020-10-21,1749.5
1086,M8Y,2.0,2020-10-21,1649.0
1087,M8Y,2.0,2020-10-23,4495.0
1088,M8Y,1.0,2020-10-25,1575.0
1089,M8Y,2.0,2020-10-25,1775.0
1090,M8Y,1.0,2020-10-27,1825.0
1091,M8Y,2.0,2020-10-28,1800.0
1092,M8Z,1.0,2020-09-24,1950.0
1093,M8Z,2.0,2020-09-27,1800.0
1094,M8Z,2.0,2020-10-02,1800.0
1095,M8Z,2.0,2020-10-06,2300.0
1096,M9A,1.0,2020-10-06,1550.0
1097,M9A,2.0,2020-10-06,1699.0
1098,M9A,2.0,2020-10-13,1900.0
1099,M9A,1.0,2020-10-15,1575.0
1100,M9A,2.0,2020-10-19,1800.0
1101,M9A,1.0,2020-10-20,1334.5
1102,M9A,1.0,2020-10-22,900.0
1103,M9A,1.0,2020-10-23,1695.0
1104,M9A,1.0,2020-10-24,1975.0
1105,M9A,2.0,2020-10-27,1850.0
1106,M9B,1.0,2020-10-08,1945.0
1107,M9B,1.0,2020-10-09,1850.0
1108,M9B,2.0,2020-10-15,2300.0
1109,M9B,2.0,2020-10-19,2150.0
1110,M9B,2.0,2020-10-21,1850.0
1111,M9B,1.0,2020-10-22,1990.0
1112,M9B,1.0,2020-10-23,1450.0
1113,M9B,1.0,2020-10-24,1650.0
1114,M9B,2.0,2020-10-26,2000.0
1115,M9B,1.0,2020-10-27,900.0
1116,M9C,1.0,2020-09-30,1745.0
1117,M9C,2.0,2020-10-07,2125.0
1118,M9C,2.0,2020-10-08,1700.0
1119,M9C,2.0,2020-10-14,1850.0
1120,M9C,1.0,2020-10-20,1800.0
1121,M9C,1.0,2020-10-21,1220.0
1122,M9C,1.0,2020-10-22,930.0
1123,M9C,2.0,2020-10-22,1680.0
1124,M9C,1.0,2020-10-24,1900.0
1125,M9M,1.0,2020-10-23,1650.0
1126,M9M,1.0,2020-10-26,850.0
1127,M9N,2.0,2020-09-25,1795.0
1128,M9N,2.0,2020-10-02,1795.0
1129,M9N,2.0,2020-10-18,1600.0
1130,M9N,2.0,2020-10-22,1300.0
1131,M9N,1.0,2020-10-27,2000.0
1132,M9N,2.0,2020-10-28,1750.0
1133,M9P,1.0,2020-10-22,1590.0
1134,M9P,1.0,2020-10-23,1590.0
1135,M9P,1.0,2020-10-27,1200.0
1136,M9R,1.0,2020-10-19,1740.0
1137,M9V,2.0,2020-10-17,2155.0
1138,M9W,1.0,2020-10-24,965.0
1139,M9W,1.0,2020-10-26,1850.0
1140,M9W,2.0,2020-10-27,1880.0
1141,M1B,3 or More,2020-10-16,2100.0
1142,M1B,3 or More,2020-10-19,2350.0
1143,M1B,3 or More,2020-10-20,2495.0
1144,M1B,3 or More,2020-10-27,1900.0
1145,M1C,3 or More,2020-10-20,4995.0
1146,M1E,3 or More,2020-10-24,3150.0
1147,M1E,3 or More,2020-10-26,3245.0
1148,M1G,3 or More,2020-10-19,2300.0
1149,M1H,3 or More,2020-10-19,2500.0
1150,M1H,3 or More,2020-10-21,3500.0
1151,M1J,3 or More,2020-10-19,1600.0
1152,M1J,3 or More,2020-10-20,2800.0
1153,M1J,3 or More,2020-10-26,3495.0
1154,M1K,3 or More,2020-10-14,2300.0
1155,M1L,3 or More,2020-10-15,2800.0
1156,M1L,3 or More,2020-10-20,2850.0
1157,M1L,3 or More,2020-10-22,3142.0
1158,M1L,3 or More,2020-10-26,2784.0
1159,M1L,3 or More,2020-10-27,2500.0
1160,M1L,3 or More,2020-10-28,2850.0
1161,M1M,3 or More,2020-10-17,2300.0
1162,M1N,3 or More,2020-10-26,2750.0
1163,M1P,3 or More,2020-10-19,2333.3333333333335
1164,M1R,3 or More,2020-10-27,2500.0
1165,M1T,3 or More,2020-09-29,2580.0
1166,M1V,3 or More,2020-10-22,2750.0
1167,M1W,3 or More,2020-10-19,2425.0
1168,M1W,3 or More,2020-10-27,2800.0
1169,M2J,3 or More,2020-09-29,2450.0
1170,M2J,3 or More,2020-10-15,2850.0
1171,M2J,3 or More,2020-10-20,2900.0
1172,M2J,3 or More,2020-10-21,2775.0
1173,M2M,3 or More,2020-10-13,2998.0
1174,M2M,3 or More,2020-10-21,2800.0
1175,M2M,3 or More,2020-10-27,1625.0
1176,M2M,3 or More,2020-10-28,600.0
1177,M2N,3 or More,2020-10-13,2975.0
1178,M2N,3 or More,2020-10-25,2790.0
1179,M2N,3 or More,2020-10-26,1200.0
1180,M2N,3 or More,2020-10-28,2650.0
1181,M2R,3 or More,2020-09-30,7995.0
1182,M2R,3 or More,2020-10-23,3300.0
1183,M3A,3 or More,2020-10-17,2300.0
1184,M3A,3 or More,2020-10-20,2150.0
1185,M3A,3 or More,2020-10-28,2245.0
1186,M3C,3 or More,2020-10-24,3600.0
1187,M3H,3 or More,2020-10-06,3695.0
1188,M3J,3 or More,2020-10-21,2500.0
1189,M3M,3 or More,2020-10-14,2700.0
1190,M3M,3 or More,2020-10-27,2700.0
1191,M4C,3 or More,2020-09-28,4795.0
1192,M4C,3 or More,2020-10-16,3900.0
1193,M4E,3 or More,2020-10-20,6995.0
1194,M4J,3 or More,2020-09-22,3800.0
1195,M4J,3 or More,2020-10-13,2800.0
1196,M4J,3 or More,2020-10-19,4500.0
1197,M4J,3 or More,2020-10-21,2600.0
1198,M4J,3 or More,2020-10-24,3200.0
1199,M4K,3 or More,2020-09-21,5500.0
1200,M4K,3 or More,2020-10-02,4100.0
1201,M4K,3 or More,2020-10-06,4100.0
1202,M4K,3 or More,2020-10-13,1600.0
1203,M4L,3 or More,2020-10-20,2595.0
1204,M4L,3 or More,2020-10-24,3195.0
1205,M4L,3 or More,2020-10-26,2500.0
1206,M4L,3 or More,2020-10-28,2547.5
1207,M4M,3 or More,2020-10-05,4495.0
1208,M4N,3 or More,2020-10-24,3500.0
1209,M4N,3 or More,2020-10-27,2995.0
1210,M4S,3 or More,2020-10-27,3600.0
1211,M4V,3 or More,2020-10-24,3300.0
1212,M4W,3 or More,2020-10-08,2950.0
1213,M4Y,3 or More,2020-10-20,2995.0
1214,M5A,3 or More,2020-10-05,3199.0
1215,M5A,3 or More,2020-10-19,2950.0
1216,M5A,3 or More,2020-10-27,2095.0
1217,M5A,3 or More,2020-10-28,2200.0
1218,M5B,3 or More,2020-10-09,4500.0
1219,M5B,3 or More,2020-10-15,3300.0
1220,M5B,3 or More,2020-10-19,2200.0
1221,M5B,3 or More,2020-10-24,2900.0
1222,M5G,3 or More,2020-10-03,3500.0
1223,M5J,3 or More,2020-09-20,3450.0
1224,M5J,3 or More,2020-09-28,2895.0
1225,M5M,3 or More,2020-10-20,2800.0
1226,M5N,3 or More,2020-10-15,6000.0
1227,M5N,3 or More,2020-10-24,3075.0
1228,M5P,3 or More,2020-10-15,3995.0
1229,M5R,3 or More,2020-10-04,2950.0
1230,M5R,3 or More,2020-10-06,4250.0
1231,M5R,3 or More,2020-10-16,8500.0
1232,M5R,3 or More,2020-10-17,2700.0
1233,M5R,3 or More,2020-10-18,3300.0
1234,M5R,3 or More,2020-10-19,3650.0
1235,M5R,3 or More,2020-10-21,3033.3333333333335
1236,M5R,3 or More,2020-10-27,5800.0
1237,M5R,3 or More,2020-10-28,9500.0
1238,M5S,3 or More,2020-10-01,1890.0
1239,M5S,3 or More,2020-10-06,2250.0
1240,M5S,3 or More,2020-10-13,3500.0
1241,M5S,3 or More,2020-10-14,2625.0
1242,M5S,3 or More,2020-10-15,2200.0
1243,M5S,3 or More,2020-10-21,3800.0
1244,M5S,3 or More,2020-10-27,3600.0
1245,M5T,3 or More,2020-09-21,2933.3333333333335
1246,M5T,3 or More,2020-09-28,4000.0
1247,M5T,3 or More,2020-10-03,3500.0
1248,M5T,3 or More,2020-10-06,1800.0
1249,M5T,3 or More,2020-10-10,2600.0
1250,M5T,3 or More,2020-10-14,2175.0
1251,M5T,3 or More,2020-10-15,2400.0
1252,M5T,3 or More,2020-10-16,4250.0
1253,M5T,3 or More,2020-10-19,2400.0
1254,M5T,3 or More,2020-10-20,3000.0
1255,M5T,3 or More,2020-10-26,3300.0
1256,M5T,3 or More,2020-10-28,4250.0
1257,M5V,3 or More,2020-09-28,4000.0
1258,M5V,3 or More,2020-10-05,5850.0
1259,M5V,3 or More,2020-10-14,2950.0
1260,M5V,3 or More,2020-10-15,3400.0
1261,M5V,3 or More,2020-10-18,3300.0
1262,M5V,3 or More,2020-10-19,6495.0
1263,M5V,3 or More,2020-10-21,5425.0
1264,M5V,3 or More,2020-10-22,5995.0
1265,M5V,3 or More,2020-10-23,2562.0
1266,M5V,3 or More,2020-10-24,2470.0
1267,M5V,3 or More,2020-10-26,5995.0
1268,M5V,3 or More,2020-10-27,5995.0
1269,M5V,3 or More,2020-10-28,2900.0
1270,M6A,3 or More,2020-10-18,2350.0
1271,M6B,3 or More,2020-09-30,6629.0
1272,M6B,3 or More,2020-10-23,1950.0
1273,M6B,3 or More,2020-10-26,2499.0
1274,M6C,3 or More,2020-10-08,3595.0
1275,M6C,3 or More,2020-10-16,3440.0
1276,M6C,3 or More,2020-10-27,2850.0
1277,M6E,3 or More,2020-10-09,2100.0
1278,M6E,3 or More,2020-10-16,2700.0
1279,M6E,3 or More,2020-10-17,3350.0
1280,M6E,3 or More,2020-10-20,3300.0
1281,M6E,3 or More,2020-10-21,2699.0
1282,M6E,3 or More,2020-10-27,2370.0
1283,M6G,3 or More,2020-09-21,4000.0
1284,M6G,3 or More,2020-09-30,5500.0
1285,M6G,3 or More,2020-10-01,2800.0
1286,M6G,3 or More,2020-10-08,2647.5
1287,M6G,3 or More,2020-10-15,2550.0
1288,M6G,3 or More,2020-10-17,3300.0
1289,M6G,3 or More,2020-10-21,4000.0
1290,M6G,3 or More,2020-10-22,2375.0
1291,M6G,3 or More,2020-10-23,2700.0
1292,M6G,3 or More,2020-10-24,2755.0
1293,M6G,3 or More,2020-10-25,2700.0
1294,M6G,3 or More,2020-10-26,2837.5
1295,M6G,3 or More,2020-10-27,2700.0
1296,M6G,3 or More,2020-10-28,2700.0
1297,M6H,3 or More,2020-09-21,3250.0
1298,M6H,3 or More,2020-09-26,3780.0
1299,M6H,3 or More,2020-10-06,5250.0
1300,M6H,3 or More,2020-10-10,2825.0
1301,M6H,3 or More,2020-10-11,2595.0
1302,M6H,3 or More,2020-10-13,4500.0
1303,M6H,3 or More,2020-10-15,2495.0
1304,M6H,3 or More,2020-10-16,3295.0
1305,M6H,3 or More,2020-10-19,5195.0
1306,M6H,3 or More,2020-10-21,2100.0
1307,M6H,3 or More,2020-10-22,3300.0
1308,M6H,3 or More,2020-10-23,3375.0
1309,M6H,3 or More,2020-10-26,3525.0
1310,M6H,3 or More,2020-10-27,3500.0
1311,M6J,3 or More,2020-10-14,3950.0
1312,M6J,3 or More,2020-10-16,3800.0
1313,M6J,3 or More,2020-10-17,2975.0
1314,M6J,3 or More,2020-10-19,8558.0
1315,M6J,3 or More,2020-10-20,4447.5
1316,M6J,3 or More,2020-10-23,3463.0
1317,M6J,3 or More,2020-10-26,2600.0
1318,M6J,3 or More,2020-10-27,2400.0
1319,M6J,3 or More,2020-10-28,4800.0
1320,M6K,3 or More,2020-10-06,7500.0
1321,M6K,3 or More,2020-10-07,3295.0
1322,M6K,3 or More,2020-10-11,5500.0
1323,M6K,3 or More,2020-10-15,3750.0
1324,M6K,3 or More,2020-10-16,3300.0
1325,M6K,3 or More,2020-10-17,4300.0
1326,M6K,3 or More,2020-10-23,3500.0
1327,M6M,3 or More,2020-10-13,7850.0
1328,M6M,3 or More,2020-10-16,2590.0
1329,M6M,3 or More,2020-10-17,2000.0
1330,M6M,3 or More,2020-10-18,2400.0
1331,M6N,3 or More,2020-09-30,3300.0
1332,M6N,3 or More,2020-10-05,3995.0
1333,M6N,3 or More,2020-10-12,2150.0
1334,M6N,3 or More,2020-10-25,2150.0
1335,M6N,3 or More,2020-10-26,3150.0
1336,M6P,3 or More,2020-09-19,2875.0
1337,M6P,3 or More,2020-09-26,2100.0
1338,M6P,3 or More,2020-10-08,4850.0
1339,M6P,3 or More,2020-10-13,3950.0
1340,M6P,3 or More,2020-10-15,2950.0
1341,M6P,3 or More,2020-10-16,3997.5
1342,M6P,3 or More,2020-10-19,2980.0
1343,M6P,3 or More,2020-10-20,3595.0
1344,M6P,3 or More,2020-10-21,2827.5
1345,M6P,3 or More,2020-10-28,3700.0
1346,M6R,3 or More,2020-10-10,3600.0
1347,M6R,3 or More,2020-10-12,2695.0
1348,M6R,3 or More,2020-10-17,2695.0
1349,M6R,3 or More,2020-10-21,4097.5
1350,M6S,3 or More,2020-10-16,825.0
1351,M6S,3 or More,2020-10-23,3300.0
1352,M6S,3 or More,2020-10-28,2900.0
1353,M8V,3 or More,2020-10-13,3495.0
1354,M8V,3 or More,2020-10-15,2325.0
1355,M8W,3 or More,2020-10-21,2595.0
1356,M8Y,3 or More,2020-10-22,3400.0
1357,M8Z,3 or More,2020-10-26,2500.0
1358,M9B,3 or More,2020-10-15,3990.0
1359,M9C,3 or More,2020-10-21,2200.0
1360,M9M,3 or More,2020-10-26,3295.0
1361,M9N,3 or More,2020-10-23,1935.0
1362,M9R,3 or More,2020-10-13,4995.0
1363,M9R,3 or More,2020-10-20,3145.0
1364,M9V,3 or More,2020-10-27,3300.0
1365,Overall,1.0,2020-09-19,1400.0
1366,Overall,2.0,2020-09-19,3150.0
1367,Overall,1.0,2020-09-20,1913.8333333333333
1368,Overall,2.0,2020-09-20,3446.8
1369,Overall,1.0,2020-09-21,1827.9166666666667
1370,Overall,2.0,2020-09-21,3078.8
1371,Overall,1.0,2020-09-22,1725.5555555555557
1372,Overall,2.0,2020-09-22,2250.0
1373,Overall,1.0,2020-09-23,1826.75
1374,Overall,2.0,2020-09-23,2169.1666666666665
1375,Overall,1.0,2020-09-24,1852.9411764705883
1376,Overall,2.0,2020-09-24,2333.3333333333335
1377,Overall,1.0,2020-09-25,1890.0
1378,Overall,2.0,2020-09-25,2302.222222222222
1379,Overall,1.0,2020-09-26,1725.0
1380,Overall,2.0,2020-09-26,2216.6666666666665
1381,Overall,1.0,2020-09-27,1184.375
1382,Overall,2.0,2020-09-27,2300.0
1383,Overall,1.0,2020-09-28,2198.3333333333335
1384,Overall,2.0,2020-09-28,2976.4285714285716
1385,Overall,1.0,2020-09-29,2158.9285714285716
1386,Overall,2.0,2020-09-29,3130.230769230769
1387,Overall,1.0,2020-09-30,1906.6666666666667
1388,Overall,2.0,2020-09-30,2345.0
1389,Overall,1.0,2020-10-01,1873.1818181818182
1390,Overall,2.0,2020-10-01,2772.25
1391,Overall,1.0,2020-10-02,1556.0714285714287
1392,Overall,2.0,2020-10-02,2157.5
1393,Overall,1.0,2020-10-03,1909.0
1394,Overall,2.0,2020-10-03,2209.6666666666665
1395,Overall,1.0,2020-10-04,1898.3333333333333
1396,Overall,2.0,2020-10-04,2180.0
1397,Overall,1.0,2020-10-05,2550.6666666666665
1398,Overall,2.0,2020-10-05,3004.705882352941
1399,Overall,1.0,2020-10-06,1922.5
1400,Overall,2.0,2020-10-06,2713.9
1401,Overall,1.0,2020-10-07,2019.0
1402,Overall,2.0,2020-10-07,2952.1875
1403,Overall,1.0,2020-10-08,1861.842105263158
1404,Overall,2.0,2020-10-08,2576.3636363636365
1405,Overall,1.0,2020-10-09,1744.5454545454545
1406,Overall,2.0,2020-10-09,2706.0
1407,Overall,1.0,2020-10-10,1843.75
1408,Overall,2.0,2020-10-10,3012.5
1409,Overall,1.0,2020-10-11,1400.0
1410,Overall,2.0,2020-10-11,2980.8333333333335
1411,Overall,1.0,2020-10-12,1634.857142857143
1412,Overall,2.0,2020-10-12,2214.6666666666665
1413,Overall,1.0,2020-10-13,2119.6101694915255
1414,Overall,2.0,2020-10-13,2735.714285714286
1415,Overall,1.0,2020-10-14,1757.7407407407406
1416,Overall,2.0,2020-10-14,2452.2272727272725
1417,Overall,1.0,2020-10-15,1894.8987341772151
1418,Overall,2.0,2020-10-15,2339.0
1419,Overall,1.0,2020-10-16,1987.936170212766
1420,Overall,2.0,2020-10-16,2455.535714285714
1421,Overall,1.0,2020-10-17,1841.7692307692307
1422,Overall,2.0,2020-10-17,2241.214285714286
1423,Overall,1.0,2020-10-18,1712.342105263158
1424,Overall,2.0,2020-10-18,2152.809523809524
1425,Overall,1.0,2020-10-19,2007.037037037037
1426,Overall,2.0,2020-10-19,2766.6136363636365
1427,Overall,1.0,2020-10-20,1792.4929577464789
1428,Overall,2.0,2020-10-20,2282.6428571428573
1429,Overall,1.0,2020-10-21,1812.5647058823529
1430,Overall,2.0,2020-10-21,2498.0666666666666
1431,Overall,1.0,2020-10-22,1843.9465648854962
1432,Overall,2.0,2020-10-22,2391.9367088607596
1433,Overall,1.0,2020-10-23,1941.6515151515152
1434,Overall,2.0,2020-10-23,2664.1739130434785
1435,Overall,1.0,2020-10-24,1843.9791666666667
1436,Overall,2.0,2020-10-24,2414.607843137255
1437,Overall,1.0,2020-10-25,1831.5
1438,Overall,2.0,2020-10-25,2267.818181818182
1439,Overall,1.0,2020-10-26,1861.987341772152
1440,Overall,2.0,2020-10-26,2598.6923076923076
1441,Overall,1.0,2020-10-27,1761.5116279069769
1442,Overall,2.0,2020-10-27,2384.5882352941176
1443,Overall,1.0,2020-10-28,1786.0105263157895
1444,Overall,2.0,2020-10-28,2177.5
1445,Overall,3 or More,2020-09-19,2875.0
1446,Overall,3 or More,2020-09-20,3450.0
1447,Overall,3 or More,2020-09-21,3650.0
1448,Overall,3 or More,2020-09-22,3800.0
1449,Overall,3 or More,2020-09-26,2940.0
1450,Overall,3 or More,2020-09-28,3922.5
1451,Overall,3 or More,2020-09-29,2515.0
1452,Overall,3 or More,2020-09-30,5856.0
1453,Overall,3 or More,2020-10-01,2345.0
1454,Overall,3 or More,2020-10-02,4100.0
1455,Overall,3 or More,2020-10-03,3500.0
1456,Overall,3 or More,2020-10-04,2950.0
1457,Overall,3 or More,2020-10-05,4384.75
1458,Overall,3 or More,2020-10-06,4136.875
1459,Overall,3 or More,2020-10-07,3295.0
1460,Overall,3 or More,2020-10-08,3338.0
1461,Overall,3 or More,2020-10-09,3300.0
1462,Overall,3 or More,2020-10-10,2962.5
1463,Overall,3 or More,2020-10-11,4047.5
1464,Overall,3 or More,2020-10-12,2422.5
1465,Overall,3 or More,2020-10-13,3769.3636363636365
1466,Overall,3 or More,2020-10-14,2784.375
1467,Overall,3 or More,2020-10-15,3250.3333333333335
1468,Overall,3 or More,2020-10-16,3508.125
1469,Overall,3 or More,2020-10-17,2880.0
1470,Overall,3 or More,2020-10-18,2837.5
1471,Overall,3 or More,2020-10-19,3256.7368421052633
1472,Overall,3 or More,2020-10-20,3476.764705882353
1473,Overall,3 or More,2020-10-21,3244.9523809523807
1474,Overall,3 or More,2020-10-22,3333.8571428571427
1475,Overall,3 or More,2020-10-23,2954.733333333333
1476,Overall,3 or More,2020-10-24,3016.0
1477,Overall,3 or More,2020-10-25,2546.6666666666665
1478,Overall,3 or More,2020-10-26,3024.4545454545455
1479,Overall,3 or More,2020-10-27,3011.086956521739
1480,Overall,3 or More,2020-10-28,3236.875
